{
  "raizes 1": [-19.969856109489676, -43.96367690076781],
  "raizes 2": [-19.96987750032474, -43.963388616338555],
  "raizes 3": [-19.96989176087983, -43.96317998944897],
  "raizes 4": [-19.969824023231656, -43.96278170175067],
  "raizes 5": [-19.970159146048992, -43.96249721053759],
  "raizes 6": [-19.970419400511535, -43.963289992718025],
  "raizes 7": [-19.970651133575544, -43.96321412839454],
  "raizes 8": [-19.970979124407023, -43.96275894245362],
  "veredas" : [-19.97118388286417, -43.964943296270526],
  "capela": [-19.970651133575544, -43.96266790526544],
  "caranda" : [-19.971761698666718, -43.96389223664509],
  "biblioteca": [-19.969856109489676, -43.96367690076781],
  "portaria": [-19.97070507005798, -43.9647914402454],
  "lanchonete": [-19.970848762471537, -43.96404176283281],
  "estacionamento": [-19.970560117051964, -43.963819139495826],
  "cafeteria": [-19.970837639210675, -43.96361509017953],
  "zito": [-19.971775933000565, -43.96389248930361]
}
